{"avg_exact_match": 0.26416666666666666, "avg_precision": 0.4349480788819024, "avg_recall": 0.49016633597883597, "avg_f1": 0.43972021514671095}