{"avg_exact_match": 0.12083333333333333, "avg_precision": 0.2333508916479117, "avg_recall": 0.2674308862433862, "avg_f1": 0.23520565815850353}