{"avg_exact_match": 0.1475, "avg_precision": 0.25050524625122744, "avg_recall": 0.27347949735449734, "avg_f1": 0.25019663014595056}