{"avg_exact_match": 0.12666666666666668, "avg_precision": 0.2400889017383583, "avg_recall": 0.26549834656084653, "avg_f1": 0.23999709473149547}