{"avg_exact_match": 0.14666666666666667, "avg_precision": 0.25973442775862127, "avg_recall": 0.28280191798941795, "avg_f1": 0.25771284499181807}