{"avg_exact_match": 0.145, "avg_precision": 0.2515653856592324, "avg_recall": 0.28382076719576704, "avg_f1": 0.25146459348786177}