{"avg_exact_match": 0.13916666666666666, "avg_precision": 0.23764619660024072, "avg_recall": 0.2631421957671958, "avg_f1": 0.23828264247935307}