{"avg_exact_match": 0.1125, "avg_precision": 0.23149580688560956, "avg_recall": 0.2618802910052909, "avg_f1": 0.23312244666531087}