{"avg_exact_match": 0.12666666666666668, "avg_precision": 0.2339562800086773, "avg_recall": 0.27210449735449727, "avg_f1": 0.23850463543331846}