{"avg_exact_match": 0.1375, "avg_precision": 0.2437384312340807, "avg_recall": 0.27649834656084654, "avg_f1": 0.2453225343757315}