{"avg_exact_match": 0.13416666666666666, "avg_precision": 0.24358228114478114, "avg_recall": 0.2697533068783068, "avg_f1": 0.24355746077824256}